code_start,code_end,description,category,exclude,source,note
C00,C14,"Malignant neoplasms of lip, oral cavity and pharynx",solid malignancy,yes,OPTN 1.2,
C15,C26,Malignant neoplasms of digestive organs,solid malignancy,yes,OPTN 1.2,
C30,C39,Malignant neoplasms of respiratory and intrathoracic organs,solid malignancy,yes,OPTN 1.2,
C40,C41,Malignant neoplasms of bone and articular cartilage,solid malignancy,yes,OPTN 1.2,
C43,C43,Malignant melanoma of skin,melanoma,yes,OPTN 1.2,"OPTN: ""a history of melanoma"""
C44,C44,Other malignant neoplasm of skin (basal and squamous cell),non-melanoma skin,no,OPTN 1.2,"OPTN exception: ""non-melanoma skin cancers such as basal cell and squamous cell"""
C4A,C4A,Merkel cell carcinoma,skin (Merkel cell),yes,none,"OPEN, ask Emily: not basal/squamous cell, so outside the OPTN skin exception as written"
C45,C49,Malignant neoplasms of mesothelial and soft tissue,solid malignancy,yes,OPTN 1.2,
C50,C50,Malignant neoplasm of breast,solid malignancy,yes,OPTN 1.2,
C51,C58,Malignant neoplasms of female genital organs,solid malignancy,yes,OPTN 1.2,
C60,C63,Malignant neoplasms of male genital organs,solid malignancy,yes,OPTN 1.2,
C64,C68,Malignant neoplasms of urinary tract,solid malignancy,yes,OPTN 1.2,
C69,C69,Malignant neoplasm of eye and adnexa,solid malignancy,yes,OPTN 1.2,Eye is not CNS
C70,C72,"Malignant neoplasms of meninges, brain, spinal cord and other CNS",primary CNS,no,OPTN 1.2,"OPTN exception: ""primary CNS tumors without evident metastatic disease"". Metastatic disease is caught by C77-C79"
C73,C74,Malignant neoplasms of thyroid and adrenal gland,solid malignancy,yes,OPTN 1.2,
C75,C75,Malignant neoplasm of other endocrine glands,solid malignancy,yes,OPTN 1.2,"OPEN, ask Emily: C75.1-C75.3 (pituitary, craniopharyngeal duct, pineal) are intracranial and arguably within the CNS exception"
C7A,C7A,Malignant neuroendocrine tumors,solid malignancy,yes,OPTN 1.2,
C7B,C7B,Secondary neuroendocrine tumors,metastatic,yes,OPTN 1.2,
C76,C76,Malignant neoplasm of other and ill-defined sites,solid malignancy,yes,OPTN 1.2,
C77,C79,Secondary malignant neoplasms,metastatic,yes,OPTN 1.2,"OPTN: ""previous malignant neoplasms with current evident metastatic disease"""
C80,C80,Malignant neoplasm without specification of site,solid malignancy,yes,OPTN 1.2,
C81,C81,Hodgkin lymphoma,hematologic malignancy,yes,OPTN 1.2,
C82,C88,Non-Hodgkin lymphoma and other lymphoid malignancies,hematologic malignancy,yes,OPTN 1.2,
C90,C90,Multiple myeloma and malignant plasma cell neoplasms,hematologic malignancy,yes,OPTN 1.2,
C91,C95,Leukemias,hematologic malignancy,yes,OPTN 1.2,
C96,C96,"Other malignant neoplasms of lymphoid, hematopoietic and related tissue",hematologic malignancy,yes,CMS-3380-P,Not named by OPTN; malignant code block
D00,D02,Carcinoma in situ,in situ,no,OPTN 1.2,Not a current malignant neoplasm in the OPTN sense
D03,D03,Melanoma in situ,melanoma in situ,yes,none,"OPEN, ask Emily: arguably ""a history of melanoma"""
D04,D09,Carcinoma in situ,in situ,no,OPTN 1.2,Not a current malignant neoplasm in the OPTN sense
D32,D33,Benign neoplasms of meninges and CNS,benign or uncertain,no,OPTN 1.2,
D37,D44,Neoplasms of uncertain behavior,benign or uncertain,no,OPTN 1.2,CMS-3380-P (not adopted) listed D44
D45,D45,Polycythemia vera,benign or uncertain,no,OPTN 1.2,
D46,D46,Myelodysplastic syndromes,hematologic malignancy,yes,CMS-3380-P,Not named by OPTN; WHO classifies MDS as malignant. Agreed 2026-10-05
D47,D47,"Other neoplasms of uncertain behavior of lymphoid, hematopoietic and related tissue",benign or uncertain,no,OPTN 1.2,"Except D47.Z1 (PTLD), excluded on its own row. CMS-3380-P listed all of D47"
D47Z1,D47Z1,Post-transplant lymphoproliferative disorder (PTLD),hematologic malignancy,yes,CMS-3380-P,Lymphoma-like. Agreed 2026-10-05
D48,D49,Neoplasms of uncertain or unspecified behavior,benign or uncertain,no,OPTN 1.2,CMS-3380-P (not adopted) listed D48
J910,J910,Malignant pleural effusion,metastatic,yes,OPTN 1.2,Marker of metastatic disease
R180,R180,Malignant ascites,metastatic,yes,OPTN 1.2,Marker of metastatic disease
Z85,Z85,Personal history of malignant neoplasm,history,no,OPTN 1.2,"Except Z85.820, excluded on its own row"
Z85820,Z85820,Personal history of malignant melanoma of skin,melanoma,yes,OPTN 1.2,"OPTN: ""a history of melanoma"""
A15,A19,Tuberculosis,non-cancer (OPTN),no,OPTN 1.2,"OPEN, ask Emily: OPTN excludes it; out of scope for now (cancer only)"
A810,A810,Creutzfeldt-Jakob disease,non-cancer (OPTN),no,OPTN 1.2,"OPEN, ask Emily: OPTN excludes it; out of scope for now (cancer only)"
A82,A82,Rabies,non-cancer (OPTN),no,OPTN 1.2,"OPEN, ask Emily: OPTN excludes it; out of scope for now (cancer only)"
B20,B20,HIV disease,non-cancer (OPTN),no,OPTN 1.2,"OPEN, ask Emily: OPTN excludes it, except HIV-to-HIV transplant (HOPE Act); out of scope for now (cancer only)"
D60,D61,Aplastic anemia,non-cancer (OPTN),no,OPTN 1.2,"OPEN, ask Emily: OPTN excludes it; out of scope for now (cancer only)"
D70,D70,Agranulocytosis and neutropenia,non-cancer (OPTN),no,OPTN 1.2,"OPEN, ask Emily: OPTN excludes agranulocytosis; D70 also covers drug-induced neutropenia, so this range is broader than OPTN"
